sector,sector_id,year,LP,K,NET,LH
農林水産業,1,1994,869.3926392,329.4,482.7145524,878291.31
鉱業,2,1994,5337.690188,6.4,789.7276348,19622.72
食料品,3,1994,4384.56203,168.9,536.4370923,317641.76
繊維製品,4,1994,1586.369737,90.2,482.5781901,309675.6
パルプ・紙・紙加工品,5,1994,4019.88443,30,475.7363811,74188.7
化学,6,1994,8839.281964,372.9,349.5629143,89524.24
石油・石炭製品,7,1994,102120.1289,58,86.14360118,9108.88
窯業・土石製品,8,1994,3322.469144,36.5,509.0359129,122761.11
一次金属,9,1994,7358.273644,137.2,213.2334779,114117.8
金属製品,10,1994,3054.689049,120,478.8715154,230638.86
はん用・生産用・業務用機械,11,1994,3476.500642,374.1,483.592067,340825.48
電子部品・デバイス,12,1994,410.2592755,197.8,360.9602116,150343.95
電気機械,13,1994,2634.368656,1090.8,515.3498936,181022.5
情報・通信機器,14,1994,859.5616567,277.6,557.6706479,90511.25
輸送用機械,15,1994,5205.505938,295.3,288.3546014,232325.16
その他の製造品,16,1994,1733.809755,394,526.9834059,522721.71
電気・ガス・水道・廃棄物処理業,17,1994,13610.04228,124.4,486.3372442,107406.72
建設業,18,1994,3006.738782,199.6,646.1572554,1434983.32
卸売・小売業,19,1994,3081.254077,1831.8,908.8318745,2142919.68
運輸・郵便業,20,1994,3667.450054,558.2,541.1924996,764228.54
宿泊・飲食サービス業,21,1994,2835.723759,235.6,737.2951581,634832.64
情報通信業,22,1994,4283.862292,2909.7,590.0714229,249622.87
金融・保険業,23,1994,6725.557991,2340.1,1073.741079,368727.77
不動産業,24,1994,27197.97973,175.8,1481.614764,188046.32
専門・科学技術、業務支援サービス業,25,1994,2311.989444,1188,1040.693949,876163.17
公務,26,1994,5927.141663,451.4,1152.170122,377932.59
教育,27,1994,4718.646897,167.7,938.6430834,355324.32
保健衛生・社会事業,28,1994,3328.346459,1041.4,765.1441422,619085.19
その他のサービス,29,1994,2896.892755,485.5,762.5992099,945385.36
農林水産業,1,1995,805.9764686,315.2,493.9771893,874640.92
鉱業,2,1995,5447.006517,6.5,807.5326805,18353.2
食料品,3,1995,4727.064683,171,541.4880679,311997
繊維製品,4,1995,1560.994563,92.3,494.5853756,302569.92
パルプ・紙・紙加工品,5,1995,4349.576755,30.4,487.0198704,71972.52
化学,6,1995,9553.106021,387.7,357.8143304,83644
石油・石炭製品,7,1995,104717.0056,60.4,88.21632559,8469.78
窯業・土石製品,8,1995,3530.885085,37.1,520.414961,116639.31
一次金属,9,1995,7875.388859,135.1,217.9389464,111190.7
金属製品,10,1995,3179.5734,121.9,487.416168,231320.34
はん用・生産用・業務用機械,11,1995,3770.403338,374.6,495.0870704,337486.44
電子部品・デバイス,12,1995,503.7016197,219.3,369.1855221,150704.3
電気機械,13,1995,2957.06098,1120,529.703028,173357.94
情報・通信機器,14,1995,1044.804956,250.1,577.9484452,85815.06
輸送用機械,15,1995,5597.396135,302.5,294.3622889,225274.39
その他の製造品,16,1995,1766.986029,411,538.8395105,507395.07
電気・ガス・水道・廃棄物処理業,17,1995,13933.88156,128.9,497.4651901,109406.7
建設業,18,1995,2917.338992,203.4,660.4521802,1448443.26
卸売・小売業,19,1995,3207.906158,1867.4,934.4882813,2172878.4
運輸・郵便業,20,1995,3741.905983,571.3,554.211261,779517.18
宿泊・飲食サービス業,21,1995,2796.622329,234.6,752.2981016,648139
情報通信業,22,1995,4888.38123,3021.5,600.6443154,241413.25
金融・保険業,23,1995,6347.37434,2424,1102.453369,371263.75
不動産業,24,1995,26942.73248,177.6,1530.511096,192131.96
専門・科学技術、業務支援サービス業,25,1995,2289.965204,1208.9,1075.041499,898454.7
公務,26,1995,5987.779838,515.3,1187.010648,382417.2
教育,27,1995,4787.2351,182.7,964.056449,357239.61
保健衛生・社会事業,28,1995,3363.905975,1027.1,783.6591481,643421.67
その他のサービス,29,1995,2788.375156,472.7,785.0400103,964350.15
農林水産業,1,1996,900.1283947,304.2,521.0211586,834769.8
鉱業,2,1996,5876.7642,6.8,850.6723512,18156.25
食料品,3,1996,4766.22777,181.1,555.5667574,315366.8
繊維製品,4,1996,1608.252524,95.7,519.4702347,277419.12
パルプ・紙・紙加工品,5,1996,4424.294585,31.7,508.7390466,70551.36
化学,6,1996,10380.69585,425.9,372.7627632,80563
石油・石炭製品,7,1996,131726.0008,67.8,92.98909198,7759.44
窯業・土石製品,8,1996,3737.199091,38,543.5328952,113753.64
一次金属,9,1996,7936.397606,134.9,227.149839,112217.16
金属製品,10,1996,3233.1451,125.2,505.6019082,233540.4
はん用・生産用・業務用機械,11,1996,3825.905073,377,516.2055755,347781.76
電子部品・デバイス,12,1996,577.3714917,229.9,385.4574915,149522.45
電気機械,13,1996,2798.63083,1214.5,549.8421114,179963
情報・通信機器,14,1996,1399.319725,226.6,602.5336,80217.55
輸送用機械,15,1996,5366.891307,314.2,307.2885659,230483.52
その他の製造品,16,1996,1789.301489,443.4,563.5189338,500290.2
電気・ガス・水道・廃棄物処理業,17,1996,14908.74552,137.8,519.879498,109671.87
建設業,18,1996,2975.29674,208.5,687.5724341,1458664.59
卸売・小売業,19,1996,3232.16768,1924,980.8963664,2200173.6
運輸・郵便業,20,1996,3489.395674,604.2,581.2803994,795656.4
宿泊・飲食サービス業,21,1996,2869.660602,249.2,781.0236711,650484.59
情報通信業,22,1996,5745.772482,3162.7,619.6706305,243730.5
金融・保険業,23,1996,6679.901459,2656.9,1141.488268,359436.44
不動産業,24,1996,27471.04018,188.7,1659.322161,191032.81
専門・科学技術、業務支援サービス業,25,1996,2392.149264,1231.7,1127.270716,918542.18
公務,26,1996,6159.585115,621.3,1258.377009,379189.5
教育,27,1996,4789.101559,205.5,1017.673077,359326.27
保健衛生・社会事業,28,1996,3366.923307,1039.3,821.4964467,665744.3
その他のサービス,29,1996,2794.303294,462,824.5276938,973434.06
農林水産業,1,1997,924.0359996,295.5,552.6132297,797934.28
鉱業,2,1997,6002.460745,7.3,895.9806815,17068
食料品,3,1997,4719.384731,197.9,574.0257258,314661.78
繊維製品,4,1997,1603.808719,99.9,548.4249237,260455
パルプ・紙・紙加工品,5,1997,4433.658306,34,535.3724203,69125.76
化学,6,1997,10778.13209,481.9,391.1778831,80091.8
石油・石炭製品,7,1997,135947.8445,79,98.66399753,7716.93
窯業・土石製品,8,1997,3848.505786,39.6,571.6264015,109762.08
一次金属,9,1997,8426.032282,137.5,238.0700042,110373.42
金属製品,10,1997,3269.799274,131,528.4124451,230693.06
はん用・生産用・業務用機械,11,1997,3925.255152,388,542.8750223,350242.2
電子部品・デバイス,12,1997,725.1758658,233.3,407.0302854,147840
電気機械,13,1997,2840.160695,1361.3,573.9776298,182208
情報・通信機器,14,1997,1552.260316,206.5,630.3952345,79104
輸送用機械,15,1997,5099.277363,332.9,324.7901796,234696
その他の製造品,16,1997,1815.959121,487.8,594.4891188,493634.46
電気・ガス・水道・廃棄物処理業,17,1997,15504.70925,148.6,546.078523,108471.56
建設業,18,1997,2802.746446,218.5,721.1455838,1442802.65
卸売・小売業,19,1997,3351.149046,1994,1034.026205,2165287.16
運輸・郵便業,20,1997,3577.082749,647.1,611.0835139,776372.87
宿泊・飲食サービス業,21,1997,2884.661587,276.9,817.4644115,652648.48
情報通信業,22,1997,6288.654264,3352.4,642.3846461,253529.6
金融・保険業,23,1997,7011.867814,2857.4,1192.722018,348463.5
不動産業,24,1997,27401.0609,195.9,1773.741129,192290
専門・科学技術、業務支援サービス業,25,1997,2494.817503,1257.9,1193.983439,904535.1
公務,26,1997,6401.723633,730.2,1332.982554,373499.41
教育,27,1997,4928.252743,227.4,1074.910279,349592.46
保健衛生・社会事業,28,1997,3391.927799,1075.3,869.2626497,682349.43
その他のサービス,29,1997,2635.111191,456.2,872.1601193,1025835.27
農林水産業,1,1998,987.5873872,294.4,592.5522326,758737.92
鉱業,2,1998,5794.631647,7.6,959.0787884,16829.37
食料品,3,1998,5030.962965,217.6,597.9437812,298718.16
繊維製品,4,1998,1551.825331,103.7,583.7420889,249164.64
パルプ・紙・紙加工品,5,1998,4700.583296,36.8,565.97982,64006.95
化学,6,1998,10648.97616,542.5,413.3636482,78166.2
石油・石炭製品,7,1998,119276.0135,91.6,105.3059667,7526.66
窯業・土石製品,8,1998,3768.976028,41.6,605.990492,102746.74
一次金属,9,1998,7874.043562,142.7,250.9592442,99083.78
金属製品,10,1998,3359.555021,139,557.499827,214320.05
はん用・生産用・業務用機械,11,1998,3929.277369,413.3,576.1059167,330157.4
電子部品・デバイス,12,1998,755.2152307,252.1,432.7267461,142264.08
電気機械,13,1998,2940.58641,1534,605.6540191,167480.2
情報・通信機器,14,1998,1645.122797,201.7,669.6753566,76024.72
輸送用機械,15,1998,5533.078639,359.2,345.6939103,219138.4
その他の製造品,16,1998,1865.254686,535.8,631.1542916,462574.9
電気・ガス・水道・廃棄物処理業,17,1998,16043.84587,158.2,581.0108999,108244.62
建設業,18,1998,2914.448338,235.7,761.7066412,1354307.76
卸売・小売業,19,1998,3303.235099,2064.6,1104.382408,2138076.7
運輸・郵便業,20,1998,3520.27654,693.5,651.7560569,753574.32
宿泊・飲食サービス業,21,1998,2868.356146,313.9,860.0600688,652516.6
情報通信業,22,1998,6918.245026,3592.2,670.0660752,259619.31
金融・保険業,23,1998,6656.147058,3170,1254.651409,350424.95
不動産業,24,1998,26054.27838,201.4,1950.072439,200061.96
専門・科学技術、業務支援サービス業,25,1998,2579.258637,1286.7,1280.066517,896881.75
公務,26,1998,6518.927485,846.6,1436.093978,371668.5
教育,27,1998,5028.354133,250,1152.714974,342022.45
保健衛生・社会事業,28,1998,3379.1178,1121.4,926.0981393,705216.61
その他のサービス,29,1998,2528.040997,461.2,931.6249252,1058606.25
農林水産業,1,1999,1029.495355,293.3,628.1023883,724646.3
鉱業,2,1999,6164.08976,7.9,1008.344305,15619.5
食料品,3,1999,4976.603401,240.9,619.9341887,296820.92
繊維製品,4,1999,1392.503853,107.4,614.7077341,237442.79
パルプ・紙・紙加工品,5,1999,4612.727352,40.1,594.7533383,62713.44
化学,6,1999,11654.80712,613.5,433.4577381,74876.4
石油・石炭製品,7,1999,117328.3445,106.8,111.422867,6895.35
窯業・土石製品,8,1999,3702.007738,43.8,637.4744394,97879.32
一次金属,9,1999,8485.815379,148.7,262.4914881,94962
金属製品,10,1999,3292.843546,147.8,583.493741,208309.32
はん用・生産用・業務用機械,11,1999,3898.43567,441.6,607.6819278,319215.22
電子部品・デバイス,12,1999,898.3577467,266,458.0009106,140344.98
電気機械,13,1999,2872.306238,1738.9,634.4306914,164049.36
情報・通信機器,14,1999,1745.938851,198,705.7973153,74687.61
輸送用機械,15,1999,5926.43039,387.2,367.1874578,213354.4
その他の製造品,16,1999,1831.350162,589.3,666.0518269,449695.54
電気・ガス・水道・廃棄物処理業,17,1999,16526.85916,167.7,610.4211298,107302.3
建設業,18,1999,2937.977316,255.2,799.3456354,1319962.54
卸売・小売業,19,1999,3374.451046,2129.5,1160.55754,2090340
運輸・郵便業,20,1999,3489.818174,748.8,683.9527553,747457.28
宿泊・飲食サービス業,21,1999,2857.751594,360.2,899.0731695,640013.64
情報通信業,22,1999,7241.638217,3778.9,696.1994381,260258.79
金融・保険業,23,1999,6855.325996,3361.7,1308.674944,333479.4
不動産業,24,1999,26630.39669,204.6,2062.678511,197452.56
専門・科学技術、業務支援サービス業,25,1999,2604.801446,1313,1350.676164,885272.85
公務,26,1999,6650.969783,910,1512.618823,368952.21
教育,27,1999,5187.167767,282.4,1212.476073,334072.48
保健衛生・社会事業,28,1999,3436.531125,1232.5,980.1067172,721268.02
その他のサービス,29,1999,2591.433363,469.6,982.8593766,1030761.6
農林水産業,1,2000,1152.877357,283.3,662.5912408,695295.12
鉱業,2,2000,7258.385797,8.3,1051.496944,14759.48
食料品,3,2000,4860.927099,267.2,636.8193816,298101.57
繊維製品,4,2000,1444.690029,110.2,643.8971182,208889.1
パルプ・紙・紙加工品,5,2000,4928.736798,43.7,621.879521,61528.95
化学,6,2000,10898.62772,693.3,452.1267704,78919.11
石油・石炭製品,7,2000,118941.1706,124.2,117.6266777,6830.94
窯業・土石製品,8,2000,3814.73786,46.1,667.2758457,98240.04
一次金属,9,2000,9522.516159,155.7,273.1152429,94548.54
金属製品,10,2000,3270.764999,156.9,608.1217958,211546.84
はん用・生産用・業務用機械,11,2000,4109.555218,471.9,638.1377425,324008.3
電子部品・デバイス,12,2000,1129.282687,274.8,482.9946661,139734.72
電気機械,13,2000,3243.722646,1970.9,660.7531346,156027.52
情報・通信機器,14,2000,2042.439719,194.4,738.8451189,74371.84
輸送用機械,15,2000,6247.604509,417.6,388.7719991,212508.65
その他の製造品,16,2000,1939.779732,646.3,699.6214184,442730.68
電気・ガス・水道・廃棄物処理業,17,2000,16658.45311,176.1,637.612409,108235.74
建設業,18,2000,2855.977212,276.9,834.100353,1304611.25
卸売・小売業,19,2000,3505.214922,2181.4,1214.544297,1964661.27
運輸・郵便業,20,2000,3502.723391,813.4,712.853425,755954.64
宿泊・飲食サービス業,21,2000,2646.838474,411.1,935.6325529,663757.92
情報通信業,22,2000,7442.831629,3990.2,715.2537995,274137.6
金融・保険業,23,2000,7125.916039,3532.7,1359.252584,321053.46
不動産業,24,2000,26739.96934,216.4,2162.404848,202048.1
専門・科学技術、業務支援サービス業,25,2000,2770.46424,1317,1425.755849,925862.88
公務,26,2000,6450.360097,1021.4,1584.345173,391894.4
教育,27,2000,5247.723662,289.1,1267.469189,330625.26
保健衛生・社会事業,28,2000,3383.229218,1262.6,1032.729663,778250.55
その他のサービス,29,2000,2743.150169,464.4,1035.294768,1018041.24
農林水産業,1,2001,1084.487377,276.8,716.9289362,682783.42
鉱業,2,2001,8367.565637,8.7,1134.350129,13437.6
食料品,3,2001,4888.12304,295.2,668.8572053,299798.1
繊維製品,4,2001,1382.618897,115.3,691.9757028,186638.56
パルプ・紙・紙加工品,5,2001,4686.94505,47.4,663.7962478,59915.36
化学,6,2001,10981.72125,778.3,481.3344237,78101.6
石油・石炭製品,7,2001,113863.9647,142.4,126.6199192,6623.43
窯業・土石製品,8,2001,4004.903704,49,712.963653,91310.56
一次金属,9,2001,9176.87732,163.4,291.039904,91264.16
金属製品,10,2001,3204.028346,166.2,647.3783529,209817.12
はん用・生産用・業務用機械,11,2001,3876.966115,508.7,681.5080648,318241.11
電子部品・デバイス,12,2001,1005.667126,276,517.244632,134050.32
電気機械,13,2001,3131.516658,2212.6,698.2635776,147698.4
情報・通信機器,14,2001,1971.713623,188.4,780.7280135,71044.8
輸送用機械,15,2001,6168.005366,448.9,417.3723315,215787.75
その他の製造品,16,2001,1854.821996,699.7,750.3872074,425911.49
電気・ガス・水道・廃棄物処理業,17,2001,17124.04301,189.5,681.7362927,108134.51
建設業,18,2001,2864.092445,297.9,888.0467682,1257340.7
卸売・小売業,19,2001,3650.407847,2296.5,1299.252741,1949609.55
運輸・郵便業,20,2001,3592.350979,873.4,764.5527018,741472.65
宿泊・飲食サービス業,21,2001,2634.786747,463.9,994.4663706,663317.44
情報通信業,22,2001,7913.797299,4240.6,752.3700079,279164.34
金融・保険業,23,2001,7281.218139,3937.2,1431.235909,306819.54
不動産業,24,2001,27350.59116,223,2390.171994,200041.38
専門・科学技術、業務支援サービス業,25,2001,2850.809937,1358.6,1522.985453,941023.8
公務,26,2001,6609.616268,1156.7,1713.038922,386961.95
教育,27,2001,5395.206936,310.7,1366.699872,322936.64
保健衛生・社会事業,28,2001,3370.052513,1325.7,1110.267181,813209.88
その他のサービス,29,2001,2621.715805,465.7,1110.525422,1020209.74
農林水産業,1,2002,1191.625034,275.8,767.7071049,658218.8
鉱業,2,2002,8133.161993,9,1217.444604,12746.58
食料品,3,2002,4823.485987,316.3,705.9446556,299447.33
繊維製品,4,2002,1405.404066,119.7,740.2983714,166251.12
パルプ・紙・紙加工品,5,2002,4462.925343,50.5,707.1479064,58282.4
化学,6,2002,11903.16239,842.3,514.0297937,74799.45
石油・石炭製品,7,2002,108812.226,155.9,134.8029627,6213.64
窯業・土石製品,8,2002,4236.908736,51.7,760.6662559,81082.7
一次金属,9,2002,8442.26653,170.4,310.1305611,88953.6
金属製品,10,2002,3092.239464,175.2,689.4378775,202759.2
はん用・生産用・業務用機械,11,2002,3698.162533,564.5,727.4986592,304789.2
電子部品・デバイス,12,2002,1177.615642,289.2,552.8966125,132292.74
電気機械,13,2002,3371.8994,2404.3,743.2442307,127939.76
情報・通信機器,14,2002,2184.832509,191.6,831.7581194,67565.82
輸送用機械,15,2002,6597.38959,482.1,445.8080626,224056.8
その他の製造品,16,2002,1898.989096,736.9,801.9529017,406384.64
電気・ガス・水道・廃棄物処理業,17,2002,17206.76634,202.8,730.0482429,107384.5
建設業,18,2002,2760.373084,326.6,946.3840971,1244980.26
卸売・小売業,19,2002,3726.012795,2439.1,1394.436294,1937698.66
運輸・郵便業,20,2002,3640.300657,912.5,820.880801,740532.24
宿泊・飲食サービス業,21,2002,2831.946438,505,1059.311649,606582.8
情報通信業,22,2002,8236.368474,4567.9,800.226798,279915.84
金融・保険業,23,2002,7162.152879,4283.6,1529.783344,310501.61
不動産業,24,2002,28274.19172,226.7,2595.329348,195883.23
専門・科学技術、業務支援サービス業,25,2002,2935.317307,1445.4,1636.395999,945015.38
公務,26,2002,6794.406516,1194.4,1844.63084,378983.8
教育,27,2002,5577.310234,359.6,1468.66883,315564.3
保健衛生・社会事業,28,2002,3324.621871,1393.6,1189.505567,834004.62
その他のサービス,29,2002,2717.974862,482.1,1188.806527,1003217.52
農林水産業,1,2003,1085.259987,265.4,815.8199218,651853.02
鉱業,2,2003,8461.627097,9,1295.674392,11976.42
食料品,3,2003,4804.892215,332.7,737.4883286,302599.92
繊維製品,4,2003,1493.755325,122.9,785.7304951,150526.66
パルプ・紙・紙加工品,5,2003,4525.292163,53,746.6890301,56939.97
化学,6,2003,12313.06872,888.9,541.9006761,74152.92
石油・石炭製品,7,2003,99045.32416,165.6,142.0468467,5992.61
窯業・土石製品,8,2003,4256.766644,54,802.405904,81049.78
一次金属,9,2003,8820.813377,175.9,328.3674901,89024.67
金属製品,10,2003,3169.058756,182.5,727.8550326,199892.16
はん用・生産用・業務用機械,11,2003,3925.841646,627.9,768.2467026,305244.1
電子部品・デバイス,12,2003,1533.861342,304.5,582.9803757,131967.6
電気機械,13,2003,3700.590076,2549.1,783.5723088,127503.99
情報・通信機器,14,2003,2909.705607,197.3,876.5757147,65013.45
輸送用機械,15,2003,6276.362533,510.3,470.4601131,231412.7
その他の製造品,16,2003,1955.990544,758.8,848.0637222,407195.22
電気・ガス・水道・廃棄物処理業,17,2003,17201.83615,214.6,772.2752502,107076.36
建設業,18,2003,2649.965659,356.7,996.5612239,1238646.24
卸売・小売業,19,2003,3691.738924,2592.9,1472.473336,1964645.97
運輸・郵便業,20,2003,3567.928175,933.9,871.2291189,771994.24
宿泊・飲食サービス業,21,2003,2921.700236,530.7,1119.731526,566074.5
情報通信業,22,2003,8309.92486,4826.5,833.891301,285932.79
金融・保険業,23,2003,7531.983343,4664.7,1599.122319,298696.89
不動産業,24,2003,30007.34761,233.7,2813.324512,187326.12
専門・科学技術、業務支援サービス業,25,2003,3048.381347,1490.8,1731.596175,958918.74
公務,26,2003,6878.288741,1272,1966.16463,379229.5
教育,27,2003,5720.525852,382.3,1563.997867,310899.74
保健衛生・社会事業,28,2003,3301.818933,1422.4,1258.509537,867497.6
その他のサービス,29,2003,2728.418097,491.9,1260.103662,1003955.37
農林水産業,1,2004,975.5441864,250.4,854.2061796,650211.45
鉱業,2,2004,7718.103041,9,1358.329666,10956.06
食料品,3,2004,4735.388537,346.4,761.5013147,306595.75
繊維製品,4,2004,1491.657715,125.7,822.6352848,142110.35
パルプ・紙・紙加工品,5,2004,4598.930162,55,778.9841999,56993.69
化学,6,2004,11964.59756,928.9,565.9958058,75588
石油・石炭製品,7,2004,101688.6563,174,147.8108348,5388.9
窯業・土石製品,8,2004,4427.338202,56,837.4040626,80147.48
一次金属,9,2004,9431.773784,179.9,343.3173015,88456.32
金属製品,10,2004,3097.651894,188.3,759.64447,197669.08
はん用・生産用・業務用機械,11,2004,4313.392772,691.9,801.4018143,312930
電子部品・デバイス,12,2004,1897.030493,302.3,608.7578322,129354.8
電気機械,13,2004,4004.932934,2671.4,815.4375255,126788.64
情報・通信機器,14,2004,3599.615525,193.2,908.9813104,61028.74
輸送用機械,15,2004,6628.483916,535.2,490.674662,234154.6
その他の製造品,16,2004,2099.834813,770.8,886.4203322,407998.76
電気・ガス・水道・廃棄物処理業,17,2004,17416.46738,223.4,808.5304821,108388.8
建設業,18,2004,2588.301438,384.7,1038.667602,1226282.98
卸売・小売業,19,2004,3790.451323,2719.5,1542.485098,2000885.74
運輸・郵便業,20,2004,3651.890386,949.1,913.906879,782600.16
宿泊・飲食サービス業,21,2004,2966.408505,551,1170.544863,537033.25
情報通信業,22,2004,7960.736922,5092.9,864.1020846,296037.92
金融・保険業,23,2004,7395.390533,4945.8,1668.967416,303240.24
不動産業,24,2004,31478.54609,240.2,2978.412281,181413.08
専門・科学技術、業務支援サービス業,25,2004,3139.191955,1541.5,1820.55675,981940.59
公務,26,2004,7022.568005,1325.5,2066.805083,370945.5
教育,27,2004,5832.772436,407.4,1642.313157,305938.56
保健衛生・社会事業,28,2004,3253.303601,1418.5,1317.451509,907505.22
その他のサービス,29,2004,2558.849796,500.9,1321.267801,1066983.3
農林水産業,1,2005,948.1643175,236.1,884.9009477,666719.88
鉱業,2,2005,8240.129401,9.2,1387.924621,10423.38
食料品,3,2005,4933.124203,365.7,790.9440695,286698.64
繊維製品,4,2005,1518.775358,131.1,856.3816529,127714.74
パルプ・紙・紙加工品,5,2005,5439.565624,57.8,816.0927975,51722.88
化学,6,2005,11192.71884,986.3,591.2330987,80147.64
石油・石炭製品,7,2005,91249.82426,185.9,152.8202408,5832.34
窯業・土石製品,8,2005,4641.207271,58.8,871.6760995,76512.42
一次金属,9,2005,9866.138768,186.4,359.5996562,90744.72
金属製品,10,2005,3440.158429,196.2,792.0376867,194116.06
はん用・生産用・業務用機械,11,2005,4950.157784,763.6,837.9109654,291511.92
電子部品・デバイス,12,2005,2186.396219,288,638.6464167,124968.2
電気機械,13,2005,4182.248715,2834,850.7307167,129294.08
情報・通信機器,14,2005,4385.690477,182.4,942.1373307,56096.07
輸送用機械,15,2005,6759.235476,562.9,515.3820691,257107.48
その他の製造品,16,2005,2196.361613,788.5,929.1029783,396237.12
電気・ガス・水道・廃棄物処理業,17,2005,18081.80014,238.1,835.8066508,110880
建設業,18,2005,2510.867088,416.1,1082.774271,1222227.18
卸売・小売業,19,2005,3880.064066,2912.1,1587.371866,1987129.56
運輸・郵便業,20,2005,3604.258153,968.6,940.3827811,793228.42
宿泊・飲食サービス業,21,2005,2733.844453,580.5,1232.199021,557208
情報通信業,22,2005,7368.105577,5352.6,894.0454587,329060.16
金融・保険業,23,2005,7504.172849,4872.4,1743.558202,306265.6
不動産業,24,2005,32894.43393,250.5,2959.457376,177008.67
専門・科学技術、業務支援サービス業,25,2005,3212.021376,1597.5,1901.115865,1037704.8
公務,26,2005,7070.397624,1291.3,2107.247452,365821.01
教育,27,2005,5863.930916,458.8,1682.789885,305788.05
保健衛生・社会事業,28,2005,3209.886271,1432.5,1380.642659,947756.32
その他のサービス,29,2005,2713.756834,519.2,1375.952295,986934.41
農林水産業,1,2006,973.9055983,215.7,915.6657831,640041.5
鉱業,2,2006,8541.707807,9.6,1410.352952,9722.88
食料品,3,2006,4820.653528,385.5,819.1452182,292062.06
繊維製品,4,2006,1547.484593,136,889.1302684,123833.22
パルプ・紙・紙加工品,5,2006,5075.242659,59.9,853.5132752,52484.19
化学,6,2006,10834.52743,1040.2,612.6836983,84666.36
石油・石炭製品,7,2006,87770.56845,197,158.5049419,6292.77
窯業・土石製品,8,2006,4631.884904,60.9,903.1332956,78786.5
一次金属,9,2006,9890.824513,192,376.4868789,96754.32
金属製品,10,2006,3346.483945,201.8,821.8990903,197344.44
はん用・生産用・業務用機械,11,2006,5132.291756,804.9,870.5756726,304783.92
電子部品・デバイス,12,2006,2436.044497,265.6,664.7075818,127210.32
電気機械,13,2006,4457.362772,2975.2,879.9171599,133381.56
情報・通信機器,14,2006,4927.287953,167.2,965.9657182,57380.45
輸送用機械,15,2006,6459.31728,582.9,538.4349742,272078.29
その他の製造品,16,2006,2092.582625,802.6,970.0790894,400165.8
電気・ガス・水道・廃棄物処理業,17,2006,18040.03247,254.5,855.1807654,111253.68
建設業,18,2006,2535.36056,437.9,1121.644085,1201856.67
卸売・小売業,19,2006,3698.495242,3127,1607.70226,1987051.36
運輸・郵便業,20,2006,3723.078654,1007.4,956.8712474,810823.59
宿泊・飲食サービス業,21,2006,2837.218837,604.6,1292.785865,536610
情報通信業,22,2006,7493.320883,5469.1,913.9762268,330930.71
金融・保険業,23,2006,7568.591568,4785.7,1783.120053,303051.1
不動産業,24,2006,32639.08856,264,2925.640303,182172.06
専門・科学技術、業務支援サービス業,25,2006,3249.348519,1618.1,1946.565184,1096148.96
公務,26,2006,7093.489721,1250.5,2126.460434,366985.8
教育,27,2006,5848.010865,529.1,1710.382431,310409.82
保健衛生・社会事業,28,2006,3147.866725,1398.4,1436.995691,985171.95
その他のサービス,29,2006,2683.112837,527.1,1417.281572,995396.08
農林水産業,1,2007,1055.133399,199.3,940.6470097,627181.36
鉱業,2,2007,7724.4572,10,1422.56046,9867.36
食料品,3,2007,4764.151395,401.1,844.682213,300513.12
繊維製品,4,2007,1579.264667,139.1,915.8937988,121088
パルプ・紙・紙加工品,5,2007,4799.398771,61.1,885.9965644,52346.14
化学,6,2007,11382.25786,1078,629.3335636,81168.43
石油・石炭製品,7,2007,87203.17541,204.9,163.7823596,5892.79
窯業・土石製品,8,2007,5048.059474,61.9,928.9916406,77009.79
一次金属,9,2007,9916.023012,195.6,391.7356703,101565.92
金属製品,10,2007,3261.578408,204.7,846.3146012,199590.48
はん用・生産用・業務用機械,11,2007,5421.641513,825.8,896.3727499,306307.6
電子部品・デバイス,12,2007,2762.459241,242.6,684.8431207,128841.72
電気機械,13,2007,4695.232771,3070.5,902.4711032,135256.34
情報・通信機器,14,2007,5940.42721,154.7,981.8301808,58628.78
輸送用機械,15,2007,6852.856266,596.8,556.8758094,274866.41
その他の製造品,16,2007,2235.121078,807.8,1003.982339,393871.28
電気・ガス・水道・廃棄物処理業,17,2007,16995.15961,267.6,867.6641538,112635.6
建設業,18,2007,2405.510078,453.6,1151.864672,1176378.36
卸売・小売業,19,2007,3598.276289,3331.4,1611.930758,1976788.17
運輸・郵便業,20,2007,3838.718608,1060,964.4280215,815787.85
宿泊・飲食サービス業,21,2007,2851.190173,621.2,1345.998819,539914.88
情報通信業,22,2007,7306.663311,5516,924.6681843,345235.56
金融・保険業,23,2007,7951.143,4666.1,1801.675605,299650
不動産業,24,2007,30511.16237,283.3,2869.153247,194967.99
専門・科学技術、業務支援サービス業,25,2007,3397.247807,1613.3,1971.398063,1125216.71
公務,26,2007,7238.892962,1189,2126.962256,363391.2
教育,27,2007,5979.504134,600.3,1724.05579,306696
保健衛生・社会事業,28,2007,3166.389726,1345,1480.257986,1008195.54
その他のサービス,29,2007,2700.950545,532.8,1444.907572,981554.44
農林水産業,1,2008,1169.293517,185.8,966.1241928,609188.36
鉱業,2,2008,6853.548537,10.3,1444.442399,9707.38
食料品,3,2008,4571.381841,412,868.7509063,295676.46
繊維製品,4,2008,1627.447355,140.6,941.7394214,114006.76
パルプ・紙・紙加工品,5,2008,4886.290008,61.4,915.7245269,49542.7
化学,6,2008,11356.56988,1098.4,645.2776453,81772.05
石油・石炭製品,7,2008,83761.91422,209.1,169.5707053,6043.2
窯業・土石製品,8,2008,4746.14424,62.3,955.2202407,77831.6
一次金属,9,2008,9752.908151,197.7,406.4894043,101601.49
金属製品,10,2008,3184.264628,205.9,869.8220147,194029.1
はん用・生産用・業務用機械,11,2008,5778.21615,838.4,919.4143218,303060.66
電子部品・デバイス,12,2008,2987.231806,230.4,701.9776919,124208.64
電気機械,13,2008,4645.522707,3120.1,924.1203436,129397.71
情報・通信機器,14,2008,6836.95674,147.2,998.5768738,53693.48
輸送用機械,15,2008,7251.819028,608.8,571.9878456,265516.83
その他の製造品,16,2008,2248.905383,805.5,1034.061069,377823.81
電気・ガス・水道・廃棄物処理業,17,2008,17636.57603,277.6,883.1653957,113856
建設業,18,2008,2319.724368,467.3,1180.119052,1132660.43
卸売・小売業,19,2008,3565.100352,3506,1625.410089,1957496.09
運輸・郵便業,20,2008,3813.763339,1131.7,975.8234624,799617
宿泊・飲食サービス業,21,2008,2797.682844,628.8,1393.85314,519326.2
情報通信業,22,2008,7715.512293,5573.4,935.3867857,331002
金融・保険業,23,2008,6500.473816,4653,1821.261917,313877.12
不動産業,24,2008,31908.55062,293,2868.024503,187474.2
専門・科学技術、業務支援サービス業,25,2008,3506.307015,1609.9,1999.643406,1149038
公務,26,2008,7450.62552,1109.9,2146.967791,353289.8
教育,27,2008,6151.937353,664.4,1749.046358,300583.36
保健衛生・社会事業,28,2008,3091.34041,1287.3,1517.474045,1035631.66
その他のサービス,29,2008,2646.219493,537.2,1470.80529,979302.74
農林水産業,1,2009,1150.602325,177,977.9894057,571891.77
鉱業,2,2009,4355.114708,10.2,1476.690416,8619.75
食料品,3,2009,4226.703229,404,868.922094,292965.92
繊維製品,4,2009,1459.746351,135.8,949.4217173,105627.94
パルプ・紙・紙加工品,5,2009,4271.716607,59,916.9731843,46400.55
化学,6,2009,11478.99934,1065.3,643.4091829,77607.81
石油・石炭製品,7,2009,89999.38682,202.9,171.8033326,5871.04
窯業・土石製品,8,2009,3780.595942,59.8,957.7471173,64868.08
一次金属,9,2009,8238.966661,191,409.6421796,86819.14
金属製品,10,2009,3099.502089,198.3,870.6002376,164768.4
はん用・生産用・業務用機械,11,2009,5073.685942,811.3,913.6487912,246306.14
電子部品・デバイス,12,2009,3032.081829,213,695.1674255,103849.44
電気機械,13,2009,4236.699542,3017.9,914.7124471,114896.04
情報・通信機器,14,2009,6913.155562,140.8,981.8087602,49303.1
輸送用機械,15,2009,6343.694723,594.3,566.3424156,228486.72
その他の製造品,16,2009,1936.011189,768.7,1033.827524,338205.69
電気・ガス・水道・廃棄物処理業,17,2009,14264.51828,273.4,886.9050078,115385.6
建設業,18,2009,2429.785748,460.5,1177.013422,1062134.8
卸売・小売業,19,2009,3495.549201,3525.1,1623.523665,1907165.26
運輸・郵便業,20,2009,3325.026207,1147.7,984.1785738,799795.2
宿泊・飲食サービス業,21,2009,2610.377809,610.6,1393.56275,510876.24
情報通信業,22,2009,7768.766831,5405.1,929.2156999,320476.86
金融・保険業,23,2009,6636.387457,5005.7,1780.247743,308244.51
不動産業,24,2009,32916.03169,279.9,3046.150789,181798.95
専門・科学技術、業務支援サービス業,25,2009,3394.312562,1582.8,1965.767661,1126655.23
公務,26,2009,7485.835073,1033.2,2188.008215,352993.35
教育,27,2009,6374.440109,720.9,1779.162373,292289.2
保健衛生・社会事業,28,2009,3081.775406,1236.5,1511.997356,1064801.8
その他のサービス,29,2009,2546.380998,519.3,1459.935339,968185.83
農林水産業,1,2010,1161.669054,169.1,983.7633992,537106.5
鉱業,2,2010,4731.341164,10.1,1484.775431,8310.54
食料品,3,2010,4320.948976,397.6,874.8751057,297642.95
繊維製品,4,2010,1468.521727,131,956.6078605,102218.44
パルプ・紙・紙加工品,5,2010,4682.697951,56.6,923.0722309,47297.52
化学,6,2010,12705.93183,1027.7,644.6444783,78466.5
石油・石炭製品,7,2010,93436.64079,195.5,173.0002355,5935.68
窯業・土石製品,8,2010,4242.284952,57.5,960.3497103,66440.61
一次金属,9,2010,11363.7255,185.6,414.7425761,93063.67
金属製品,10,2010,3006.740813,192.1,874.7882056,168451.5
はん用・生産用・業務用機械,11,2010,5394.568025,795.2,914.3243145,265407.72
電子部品・デバイス,12,2010,3959.961195,217.3,692.4137358,107925.3
電気機械,13,2010,4822.063166,2911.2,918.0072256,120228.62
情報・通信機器,14,2010,8585.295001,139,981.8791947,48991.91
輸送用機械,15,2010,7283.619767,590.9,563.9484133,244084.68
その他の製造品,16,2010,2164.164946,732.6,1036.969272,343656.8
電気・ガス・水道・廃棄物処理業,17,2010,15671.43987,269.9,887.6563726,114977.31
建設業,18,2010,2382.04182,462.8,1177.157474,1028227.12
卸売・小売業,19,2010,3562.046219,3612.9,1617.214162,1922271.52
運輸・郵便業,20,2010,3410.47773,1148.4,984.8762206,804849.12
宿泊・飲食サービス業,21,2010,2514.522109,589.3,1408.467638,520146.55
情報通信業,22,2010,7676.094485,5394.2,917.9293876,322918.12
金融・保険業,23,2010,6817.063586,5114.6,1762.721632,300515.02
不動産業,24,2010,33950.88123,263.7,3099.613312,178794.77
専門・科学技術、業務支援サービス業,25,2010,3271.809006,1547.9,1964.210901,1166327.25
公務,26,2010,7454.686581,1043.4,2200.912613,350709.58
教育,27,2010,6346.496826,744.8,1790.774279,294786.25
保健衛生・社会事業,28,2010,3012.687371,1170.4,1509.67751,1119047.41
その他のサービス,29,2010,2561.625843,493.2,1461.275275,950263.68
農林水産業,1,2011,1210.862904,160.8,980.8810388,522346.5
鉱業,2,2011,4894.191541,10.4,1465.953063,8177.04
食料品,3,2011,4264.686893,396.5,882.796192,285770.1
繊維製品,4,2011,1542.503723,127.9,959.4803227,97030.56
パルプ・紙・紙加工品,5,2011,4449.548594,54.9,930.1542543,49449.96
化学,6,2011,12573.40135,1007.1,645.4006565,77859.6
石油・石炭製品,7,2011,86418.77495,191.7,172.4490068,5932.16
窯業・土石製品,8,2011,4630.537982,56,958.3139433,65849.8
一次金属,9,2011,9129.688295,180.7,418.8482546,96830.25
金属製品,10,2011,2725.25524,186.9,875.8008569,169914.36
はん用・生産用・業務用機械,11,2011,5646.445056,768.9,915.264683,275022.6
電子部品・デバイス,12,2011,4165.579593,203.4,691.4256295,109314.92
電気機械,13,2011,4964.424324,2845.5,919.4695875,119848.74
情報・通信機器,14,2011,8827.689723,126.4,977.3226564,45676.73
輸送用機械,15,2011,6663.23841,585.8,564.2366852,241522.2
その他の製造品,16,2011,2169.940968,702.8,1041.511905,347097
電気・ガス・水道・廃棄物処理業,17,2011,13803.83295,269.5,878.5164488,115659.18
建設業,18,2011,2432.256813,462.6,1177.846317,1014629.7
卸売・小売業,19,2011,3726.70956,3743.1,1586.406943,1873223.52
運輸・郵便業,20,2011,3397.53497,1115.2,973.2352565,798172.8
宿泊・飲食サービス業,21,2011,2522.434783,576.7,1426.650613,511549.4
情報通信業,22,2011,7845.143032,5297.2,915.2472842,313212.9
金融・保険業,23,2011,6787.789022,4947.9,1746.456108,297068.75
不動産業,24,2011,33007.39979,255.7,3011.699134,185937.7
専門・科学技術、業務支援サービス業,25,2011,3412.111138,1555,1934.368186,1164150.24
公務,26,2011,7575.192511,1021.7,2161.062752,348042.64
教育,27,2011,6461.352504,769.9,1768.888492,296263.05
保健衛生・社会事業,28,2011,2947.054632,1143.4,1509.783588,1156123.8
その他のサービス,29,2011,2523.622892,470,1453.464857,951211.85
農林水産業,1,2012,1248.8198,158.1,989.7678566,501313.32
鉱業,2,2012,4745.923071,10.6,1477.352061,7821.45
食料品,3,2012,4120.800151,400.1,901.4859292,301269.16
繊維製品,4,2012,1575.103239,127.2,975.077485,98920.5
パルプ・紙・紙加工品,5,2012,4060.242834,54.4,948.0095345,48955.2
化学,6,2012,12705.52799,1002.2,659.0013257,79002.62
石油・石炭製品,7,2012,93130.70883,190.6,173.1502615,5990.72
窯業・土石製品,8,2012,4379.192468,55.8,971.7028558,64386.3
一次金属,9,2012,10039.77404,180,426.838455,95675.46
金属製品,10,2012,2762.933036,186.7,890.4822533,174296.66
はん用・生産用・業務用機械,11,2012,5531.870167,772.2,931.9621902,279140.68
電子部品・デバイス,12,2012,4642.405652,204.6,703.4617439,95730.54
電気機械,13,2012,5119.39727,2837.1,939.4871991,117470.86
情報・通信機器,14,2012,9041.745198,120.7,997.0265904,41013.1
輸送用機械,15,2012,6920.763238,595.5,573.3103872,250954.98
その他の製造品,16,2012,2191.0273,693.1,1059.863265,350456.61
電気・ガス・水道・廃棄物処理業,17,2012,12076.68122,274,890.0588065,114656.5
建設業,18,2012,2409.902989,471.9,1200.676719,1018493.28
卸売・小売業,19,2012,3930.087129,3877.9,1607.711886,1821944.34
運輸・郵便業,20,2012,3573.335586,1072.1,987.7688272,787225.25
宿泊・飲食サービス業,21,2012,2486.305177,573.1,1460.98291,498398.19
情報通信業,22,2012,7824.81366,5403.8,943.2124879,315401.76
金融・保険業,23,2012,6785.293437,4879.5,1797.395043,303298.6
不動産業,24,2012,33768.77434,251.1,2990.43419,183064.98
専門・科学技術、業務支援サービス業,25,2012,3437.150095,1649.2,1962.826431,1161537.87
公務,26,2012,7613.497302,915,2177.597639,345596.76
教育,27,2012,6297.85063,823.1,1786.887787,303810
保健衛生・社会事業,28,2012,2975.447515,1202.3,1536.216328,1207522.56
その他のサービス,29,2012,2490.874532,466.4,1473.613866,965114.85
農林水産業,1,2013,1305.823361,156.7,1003.364382,471970.42
鉱業,2,2013,5748.148792,11,1501.830714,7364.11
食料品,3,2013,4044.101659,405.6,923.4224872,308820.13
繊維製品,4,2013,1506.219198,127.8,995.3738382,96798.66
パルプ・紙・紙加工品,5,2013,4255.642816,54.4,969.5687665,49827.96
化学,6,2013,12505.6839,1005.6,677.5481767,81853.98
石油・石炭製品,7,2013,118422.3444,191,174.7290278,6111.6
窯業・土石製品,8,2013,4401.823354,56.4,991.3691554,66747.34
一次金属,9,2013,10863.74618,181,436.0462419,91379.16
金属製品,10,2013,2890.437972,188.7,910.0873367,166268.92
はん用・生産用・業務用機械,11,2013,5085.873744,786.4,954.3009788,287659.52
電子部品・デバイス,12,2013,4766.881286,211.4,720.3903702,89907.84
電気機械,13,2013,5238.738739,2853.4,966.0349373,113220
情報・通信機器,14,2013,10109.85684,116.8,1025.671752,36068.76
輸送用機械,15,2013,6111.637132,609.9,585.6338689,245026
その他の製造品,16,2013,2242.513542,693.1,1083.266073,356310
電気・ガス・水道・廃棄物処理業,17,2013,13139.74648,280.1,909.9583777,113197.77
建設業,18,2013,2667.90069,483.1,1232.258822,992353.28
卸売・小売業,19,2013,4071.872029,4003.4,1651.163929,1782948.96
運輸・郵便業,20,2013,3603.040485,1032.8,1012.792398,787634.78
宿泊・飲食サービス業,21,2013,2687.578601,573.8,1499.616745,495922.24
情報通信業,22,2013,8082.106188,5583.6,984.4937653,315688.75
金融・保険業,23,2013,7501.952327,4863.5,1875.545196,297798.48
不動産業,24,2013,36500.62935,245.3,3002.487607,172511.82
専門・科学技術、業務支援サービス業,25,2013,3397.633347,1782.6,2012.556008,1209394.77
公務,26,2013,7671.745051,773.3,2218.908173,340049.1
教育,27,2013,6455.738734,879.9,1821.659142,293899.75
保健衛生・社会事業,28,2013,3039.36275,1295,1572.759703,1222628
その他のサービス,29,2013,2446.233847,466.7,1504.353745,956237.28
農林水産業,1,2014,1252.415089,152,1012.765473,463807.89
鉱業,2,2014,6098.48458,11.3,1513.415676,7064.05
食料品,3,2014,3948.712728,410.6,935.6752378,319828.28
繊維製品,4,2014,1298.058354,128.4,1008.188304,108793.26
パルプ・紙・紙加工品,5,2014,4121.271301,54.4,982.8904392,52187.78
化学,6,2014,11959.53143,1012.8,686.8728749,85362.04
石油・石炭製品,7,2014,100207.9875,192.3,175.6921414,6336.92
窯業・土石製品,8,2014,4403.245968,56.9,1001.245868,69262.54
一次金属,9,2014,11292.0188,181.3,441.7233967,89611.08
金属製品,10,2014,3003.662692,189.7,920.7645706,162102.09
はん用・生産用・業務用機械,11,2014,4950.717252,788.6,965.6705804,304333.68
電子部品・デバイス,12,2014,5750.92251,195.8,729.3975041,85841.88
電気機械,13,2014,5910.324139,2867.1,976.6637307,113320.35
情報・通信機器,14,2014,10988.62331,123.7,1032.488816,33731.25
輸送用機械,15,2014,6347.397893,616.5,592.9878769,241194.9
その他の製造品,16,2014,2262.900665,693,1097.712213,361465.27
電気・ガス・水道・廃棄物処理業,17,2014,14049.62863,284,918.1081922,112148.16
建設業,18,2014,2688.601767,487.4,1249.019798,1003268.7
卸売・小売業,19,2014,3953.774015,4093.8,1664.873217,1749622
運輸・郵便業,20,2014,3733.332285,1002.3,1023.205652,778235.04
宿泊・飲食サービス業,21,2014,2741.523098,575.4,1523.111913,492445.24
情報通信業,22,2014,7636.702469,5640,1002.14539,335568.92
金融・保険業,23,2014,8013.180357,4860.8,1904.74829,277898.4
不動産業,24,2014,36153.25622,223.5,3009.623901,176865.12
専門・科学技術、業務支援サービス業,25,2014,3412.163907,1839.5,2029.384662,1203769.84
公務,26,2014,7619.765002,827.2,2235.832224,343072.26
教育,27,2014,6471.338699,886.8,1837.969745,292219.29
保健衛生・社会事業,28,2014,2994.168204,1317.8,1593.88978,1256419.06
その他のサービス,29,2014,2433.533763,457,1523.726155,946393.28
農林水産業,1,2015,1213.417366,149.1,997.0352502,458531.43
鉱業,2,2015,5645.228044,10.1,1541.765303,7248.6
食料品,3,2015,4011.852262,389.2,934.5496995,328922.88
繊維製品,4,2015,1409.884659,118.5,996.5195557,113151.1
パルプ・紙・紙加工品,5,2015,4784.827846,48.9,974.0095983,52378.06
化学,6,2015,12688.56952,866.8,695.9286271,88656.96
石油・石炭製品,7,2015,80349.50507,150.2,173.6525417,6546.4
窯業・土石製品,8,2015,4282.645097,69.8,1010.070052,71736.04
一次金属,9,2015,11185.19535,220.3,440.9884739,87652.47
金属製品,10,2015,3161.837171,226.6,944.2923057,159903.87
はん用・生産用・業務用機械,11,2015,5116.598194,872.5,976.8361155,309072.54
電子部品・デバイス,12,2015,6343.474505,190.9,736.23224,85210.4
電気機械,13,2015,5912.307665,2831.8,991.0233271,112145.72
情報・通信機器,14,2015,11275.98315,129.2,1044.092977,32592.28
輸送用機械,15,2015,6499.35266,748.9,594.7188577,239317.68
その他の製造品,16,2015,2363.914413,622.1,1079.359798,368050.55
電気・ガス・水道・廃棄物処理業,17,2015,13895.80704,300,939.120717,110759.31
建設業,18,2015,2833.205657,514.4,1273.581246,984563.19
卸売・小売業,19,2015,4122.81964,4015.6,1737.308817,1702805.51
運輸・郵便業,20,2015,3722.730963,1024.2,1057.615911,765451.5
宿泊・飲食サービス業,21,2015,2629.099191,550.9,1515.7911,483918.6
情報通信業,22,2015,7723.299846,5804,1068.849625,344618.24
金融・保険業,23,2015,8266.097154,4927.2,2015.901038,278272.8
不動産業,24,2015,33652.11422,222.5,3080.846382,191870.56
専門・科学技術、業務支援サービス業,25,2015,3504.637751,2093.2,2066.014769,1204566.72
公務,26,2015,7676.945371,966.3,2303.943827,343798.2
教育,27,2015,6361.538306,824.3,1877.697289,295667.48
保健衛生・社会事業,28,2015,3057.165644,1436.1,1571.40665,1305035.6
その他のサービス,29,2015,2444.791909,495,1564.78562,924364.97
農林水産業,1,2016,1178.664172,146.1,980.2372988,434025.24
鉱業,2,2016,5128.58974,9.3,1547.607193,7333.4
食料品,3,2016,4121.845329,373,926.6519181,325917.13
繊維製品,4,2016,1385.419778,111.4,981.8988473,98396.17
パルプ・紙・紙加工品,5,2016,4745.152113,45.1,961.0389371,54217.44
化学,6,2016,13645.44677,765.8,695.7824762,90197.12
石油・石炭製品,7,2016,86085.62024,121.6,171.0302101,6188.49
窯業・土石製品,8,2016,4060.12146,77.8,1007.46465,72389.46
一次金属,9,2016,11238.82503,244.8,437.3807762,88987.95
金属製品,10,2016,2939.366707,249.5,952.9317209,164467.4
はん用・生産用・業務用機械,11,2016,4908.727037,923.1,977.0617565,316014.72
電子部品・デバイス,12,2016,6871.430123,185.9,735.0636566,85372.33
電気機械,13,2016,6058.24233,2794.1,992.78285,110764.8
情報・通信機器,14,2016,10629.94818,131.8,1043.233264,29979.45
輸送用機械,15,2016,6137.494645,832,591.5883433,252485.76
その他の製造品,16,2016,2217.30221,571.8,1059.410593,373088.52
電気・ガス・水道・廃棄物処理業,17,2016,13558.46956,308.2,944.930055,113170.59
建設業,18,2016,3011.482925,529.4,1278.701667,969047.5
卸売・小売業,19,2016,4108.675847,3941.6,1768.123235,1696439.5
運輸・郵便業,20,2016,3706.653662,1025,1071.036645,765472.11
宿泊・飲食サービス業,21,2016,2718.042575,531.6,1500.868789,486798.85
情報通信業,22,2016,7940.201015,5878.2,1097.623971,338213.1
金融・保険業,23,2016,7678.025664,4942.5,2065.822126,294226.68
不動産業,24,2016,32678.34123,220.5,3106.595837,198277.2
専門・科学技術、業務支援サービス業,25,2016,3541.915164,2217.3,2077.799068,1236181.5
公務,26,2016,7888.277552,1125.8,2329.889919,337286.56
教育,27,2016,6253.97017,759.8,1889.032247,301215.06
保健衛生・社会事業,28,2016,3102.831253,1499,1544.46615,1342486.8
その他のサービス,29,2016,2410.259155,516.1,1583.001344,919901.08
農林水産業,1,2017,1200.463386,148.1,964.907516,429292.56
鉱業,2,2017,5683.02796,8.7,1543.523704,7138.8
食料品,3,2017,4076.317164,360.2,917.6218939,335354.18
繊維製品,4,2017,1457.787151,106,966.8756391,92173.95
パルプ・紙・紙加工品,5,2017,4848.378189,42.3,947.1918368,55230.84
化学,6,2017,13284.08787,694.9,690.956769,92564.88
石油・石炭製品,7,2017,80173.74768,102.1,168.6525361,6773.04
窯業・土石製品,8,2017,4504.363787,82.7,1000.226799,71064.42
一次金属,9,2017,10799.86711,259.5,432.859559,91115.01
金属製品,10,2017,3133.049858,263.1,953.1944891,167475.79
はん用・生産用・業務用機械,11,2017,5167.283899,949,971.5471599,326349.4
電子部品・デバイス,12,2017,6519.098879,187.5,729.4852993,89089
電気機械,13,2017,6855.0896,2750.9,988.4445715,111104.31
情報・通信機器,14,2017,10679.9911,125.9,1037.920689,28631.11
輸送用機械,15,2017,6413.507691,881,585.8146806,255816.33
その他の製造品,16,2017,2386.391307,534.9,1040.364769,374942.7
電気・ガス・水道・廃棄物処理業,17,2017,14582.69931,312.5,943.0481445,113856.15
建設業,18,2017,3048.520581,536.1,1273.579592,977838.24
卸売・小売業,19,2017,4213.871144,3871.7,1774.336372,1705023.66
運輸・郵便業,20,2017,3812.757503,1027.8,1072.651562,768126.48
宿泊・飲食サービス業,21,2017,2846.331504,518.2,1482.58898,478668.77
情報通信業,22,2017,7845.347962,5872.3,1106.5941,344313.6
金融・保険業,23,2017,7606.800557,4933.9,2077.931357,302898.7
不動産業,24,2017,32518.49102,220.2,3108.850445,200616.32
専門・科学技術、業務支援サービス業,25,2017,3400.885792,2267.9,2070.224038,1276855.58
公務,26,2017,7811.870528,1284.4,2331.470381,342549.2
教育,27,2017,6111.69477,693.1,1885.025608,308942.13
保健衛生・社会事業,28,2017,3066.250017,1522,1516.996315,1353161.02
その他のサービス,29,2017,2405.04768,536,1586.600667,924285.21
農林水産業,1,2018,1099.070607,144.5,953.6007016,438243
鉱業,2,2018,5661.775983,8.2,1539.985977,7041.96
食料品,3,2018,4025.53881,350.1,907.6196053,338891.28
繊維製品,4,2018,1641.756157,101.9,953.0075754,90439.74
パルプ・紙・紙加工品,5,2018,4978.455497,40.2,935.4233994,54737.86
化学,6,2018,13872.85462,645.5,684.8620835,93515
石油・石炭製品,7,2018,80777.29657,88.9,167.7509847,6733.08
窯業・土石製品,8,2018,4342.460373,85.5,995.0941442,71549.3
一次金属,9,2018,10182.87009,268,429.3167006,90709.2
金属製品,10,2018,3237.519497,270.4,949.9953298,170281.6
はん用・生産用・業務用機械,11,2018,5354.008903,953.6,963.0619038,336418.94
電子部品・デバイス,12,2018,7468.155353,179.3,722.795469,89654
電気機械,13,2018,7561.743385,2714.2,978.3645231,111186
情報・通信機器,14,2018,11644.6343,114.9,1024.878267,27305.28
輸送用機械,15,2018,6562.19153,906.5,579.5405182,255778.88
その他の製造品,16,2018,2589.86839,505.4,1023.908536,370976.38
電気・ガス・水道・廃棄物処理業,17,2018,15188.36226,318.4,939.353967,111574.9
建設業,18,2018,3015.070666,535.1,1265.429695,977118.06
卸売・小売業,19,2018,4151.641783,3801.7,1766.477262,1689391.9
運輸・郵便業,20,2018,3759.569857,1070.3,1068.882424,768284.7
宿泊・飲食サービス業,21,2018,2685.350566,506.7,1462.826325,500109.75
情報通信業,22,2018,7902.983333,5755.8,1111.26766,349842.57
金融・保険業,23,2018,7858.20659,4908.7,2066.371147,294481.95
不動産業,24,2018,31325.80595,233.5,3096.689256,208814.42
専門・科学技術、業務支援サービス業,25,2018,3335.318938,2289.5,2038.78305,1309425
公務,26,2018,7875.38283,1169,2317.932249,341551.65
教育,27,2018,6167.965163,755.6,1873.410328,306467.36
保健衛生・社会事業,28,2018,3100.169585,1487.9,1491.999614,1375002.2
その他のサービス,29,2018,2392.564733,579.1,1568.242787,920284.4
農林水産業,1,2019,1200.970023,141.6,958.72437,406612.98
鉱業,2,2019,5822.21611,8,1558.186481,6543.9
食料品,3,2019,4090.482485,347.6,910.9922381,330046.64
繊維製品,4,2019,1682.945985,100.3,954.9368884,86099.02
パルプ・紙・紙加工品,5,2019,5063.808786,39.2,938.3707151,53797.45
化学,6,2019,14868.62988,619.7,688.465298,94694.67
石油・石炭製品,7,2019,82574.52967,80.8,169.183623,6829.83
窯業・土石製品,8,2019,4273.188816,88.5,1003.748293,69496.11
一次金属,9,2019,9815.839654,277.5,432.1181204,90536.32
金属製品,10,2019,3129.664814,278.8,959.3957061,168951
はん用・生産用・業務用機械,11,2019,5293.625494,967,968.8071073,329309.28
電子部品・デバイス,12,2019,7285.962607,173.9,726.7560254,87306.24
電気機械,13,2019,7407.215215,2724.4,982.3711647,111770.75
情報・通信機器,14,2019,11577.43176,107.5,1026.9428,26183.7
輸送用機械,15,2019,6679.160373,935.2,582.1825203,249907.16
その他の製造品,16,2019,2648.810189,490.6,1024.88983,362423.1
電気・ガス・水道・廃棄物処理業,17,2019,14967.50388,324.4,948.9588056,110225.46
建設業,18,2019,3007.647329,540.5,1274.961949,962050.96
卸売・小売業,19,2019,4203.152584,3800.3,1778.796072,1643149.96
運輸・郵便業,20,2019,3778.088219,1110,1078.953935,758862.64
宿泊・飲食サービス業,21,2019,2555.399648,504.7,1466.147428,491488.68
情報通信業,22,2019,7786.645545,5727.1,1127.327953,359155.94
金融・保険業,23,2019,7798.109539,4951.8,2078.485129,293472.41
不動産業,24,2019,32481.11466,230.9,3126.072722,203054.3
専門・科学技術、業務支援サービス業,25,2019,3335.198413,2326.9,2038.616654,1306896.76
公務,26,2019,8118.455813,1245,2334.352828,333749.43
教育,27,2019,6317.820696,733.4,1887.536245,300073.41
保健衛生・社会事業,28,2019,3200.098124,1411.8,1492.86188,1371326.7
その他のサービス,29,2019,2348.074149,638.7,1578.348017,939455
